Filename,Labels
2316.jpg,mountain
1854.jpg,glacier
2510.jpg,buildings
3027.jpg,glacier
3382.jpg,sea
1813.jpg,glacier
0122.jpg,street
2218.jpg,sea
0665.jpg,street
3246.jpg,street
2773.jpg,street
1481.jpg,forest
2956.jpg,glacier
1475.jpg,mountain
2403.jpg,buildings
0334.jpg,sea
2522.jpg,buildings
1525.jpg,mountain
0436.jpg,street
3119.jpg,street
2304.jpg,street
0176.jpg,glacier
2094.jpg,street
1092.jpg,mountain
2997.jpg,forest
1478.jpg,buildings
3248.jpg,forest
2821.jpg,mountain
3159.jpg,glacier
2861.jpg,mountain
1148.jpg,glacier
0855.jpg,street
1674.jpg,mountain
2910.jpg,forest
1512.jpg,sea
2038.jpg,mountain
3113.jpg,street
2104.jpg,sea
0454.jpg,street
1518.jpg,forest
1128.jpg,buildings
2620.jpg,mountain
0702.jpg,mountain
2011.jpg,mountain
2788.jpg,sea
0543.jpg,buildings
1553.jpg,mountain
1968.jpg,buildings
1877.jpg,glacier
1160.jpg,forest
0607.jpg,street
2704.jpg,street
0676.jpg,street
2270.jpg,street
1734.jpg,mountain
3311.jpg,glacier
0407.jpg,buildings
0690.jpg,forest
2236.jpg,forest
2002.jpg,street
2393.jpg,street
0534.jpg,buildings
3330.jpg,forest
3022.jpg,mountain
0377.jpg,street
3286.jpg,sea
0511.jpg,mountain
1693.jpg,mountain
3016.jpg,glacier
0510.jpg,forest
1015.jpg,mountain
1563.jpg,buildings
2238.jpg,buildings
2428.jpg,sea
2337.jpg,mountain
1230.jpg,buildings
0774.jpg,forest
0175.jpg,sea
3231.jpg,buildings
2603.jpg,glacier
0161.jpg,buildings
0765.jpg,forest
2601.jpg,mountain
1208.jpg,forest
2848.jpg,sea
0856.jpg,sea
1762.jpg,glacier
2338.jpg,mountain
3233.jpg,forest
0237.jpg,mountain
1086.jpg,glacier
1376.jpg,street
1889.jpg,mountain
2663.jpg,buildings
2170.jpg,street
2223.jpg,buildings
2845.jpg,street
2089.jpg,buildings
2684.jpg,sea
2414.jpg,mountain
0394.jpg,sea
2890.jpg,sea
1989.jpg,glacier
1872.jpg,street
1096.jpg,buildings
1929.jpg,mountain
3136.jpg,buildings
1288.jpg,buildings
3154.jpg,glacier
0400.jpg,sea
1181.jpg,glacier
3162.jpg,sea
2552.jpg,glacier
1440.jpg,street
1597.jpg,street
0780.jpg,forest
2963.jpg,sea
1189.jpg,street
0831.jpg,buildings
1003.jpg,street
0217.jpg,buildings
2167.jpg,mountain
2468.jpg,mountain
0402.jpg,forest
1680.jpg,street
3101.jpg,mountain
1804.jpg,mountain
1685.jpg,mountain
1227.jpg,street
0061.jpg,forest
1334.jpg,glacier
2324.jpg,buildings
0952.jpg,glacier
3264.jpg,sea
0680.jpg,mountain
1443.jpg,sea
1073.jpg,mountain
0832.jpg,glacier
2494.jpg,sea
2827.jpg,glacier
0252.jpg,forest
1200.jpg,buildings
2120.jpg,street
0249.jpg,forest
1136.jpg,glacier
0499.jpg,mountain
2516.jpg,buildings
1987.jpg,street
2195.jpg,street
1719.jpg,mountain
1358.jpg,sea
0243.jpg,mountain
2305.jpg,forest
2421.jpg,mountain
0100.jpg,street
2498.jpg,sea
2587.jpg,buildings
0756.jpg,street
0849.jpg,mountain
1821.jpg,mountain
0914.jpg,street
2893.jpg,street
2860.jpg,glacier
0121.jpg,forest
3195.jpg,sea
0821.jpg,street
1395.jpg,sea
0076.jpg,forest
1625.jpg,mountain
2297.jpg,forest
2493.jpg,forest
1248.jpg,sea
1408.jpg,sea
3278.jpg,forest
1083.jpg,mountain
2674.jpg,glacier
0707.jpg,street
0282.jpg,glacier
1095.jpg,glacier
2139.jpg,sea
1524.jpg,buildings
1934.jpg,buildings
0326.jpg,forest
2331.jpg,street
0089.jpg,buildings
2760.jpg,glacier
1556.jpg,buildings
3396.jpg,glacier
1571.jpg,forest
3074.jpg,buildings
1014.jpg,street
3019.jpg,forest
0711.jpg,forest
0165.jpg,forest
2093.jpg,buildings
1702.jpg,forest
3043.jpg,street
1237.jpg,forest
2884.jpg,glacier
1549.jpg,mountain
2889.jpg,street
2377.jpg,buildings
2062.jpg,mountain
0623.jpg,glacier
0737.jpg,sea
2541.jpg,buildings
1101.jpg,sea
3202.jpg,sea
1076.jpg,mountain
0065.jpg,forest
1842.jpg,street
0643.jpg,street
0716.jpg,mountain
1382.jpg,mountain
2612.jpg,forest
0448.jpg,forest
3047.jpg,street
3234.jpg,buildings
2063.jpg,buildings
1356.jpg,mountain
2239.jpg,buildings
3080.jpg,mountain
3327.jpg,mountain
1292.jpg,street
0423.jpg,sea
0528.jpg,buildings
1920.jpg,mountain
1546.jpg,street
1919.jpg,mountain
0413.jpg,glacier
0103.jpg,sea
2065.jpg,forest
1729.jpg,forest
1186.jpg,street
2891.jpg,sea
1493.jpg,sea
1864.jpg,buildings
2175.jpg,buildings
1690.jpg,glacier
2275.jpg,street
1446.jpg,glacier
0380.jpg,buildings
3300.jpg,buildings
0500.jpg,sea
1129.jpg,sea
2957.jpg,glacier
1927.jpg,sea
3249.jpg,buildings
3028.jpg,sea
2166.jpg,mountain
2714.jpg,street
3021.jpg,buildings
2111.jpg,forest
1973.jpg,mountain
2839.jpg,buildings
2374.jpg,sea
0430.jpg,street
0250.jpg,forest
1035.jpg,mountain
3320.jpg,sea
2384.jpg,glacier
1618.jpg,mountain
0688.jpg,mountain
1505.jpg,street
1858.jpg,sea
0964.jpg,sea
2917.jpg,glacier
3179.jpg,glacier
1791.jpg,sea
0801.jpg,forest
0523.jpg,street
0137.jpg,street
0167.jpg,street
1527.jpg,buildings
3354.jpg,forest
2885.jpg,mountain
1952.jpg,sea
2780.jpg,buildings
0976.jpg,street
1323.jpg,forest
1961.jpg,mountain
0937.jpg,buildings
2636.jpg,mountain
1925.jpg,street
2785.jpg,forest
0057.jpg,buildings
1515.jpg,buildings
0944.jpg,street
0047.jpg,mountain
0331.jpg,mountain
0026.jpg,street
2750.jpg,sea
3213.jpg,glacier
0926.jpg,street
2947.jpg,mountain
1191.jpg,mountain
2096.jpg,glacier
0131.jpg,forest
1239.jpg,mountain
1797.jpg,glacier
1612.jpg,buildings
0265.jpg,street
3126.jpg,forest
0401.jpg,forest
1758.jpg,buildings
1252.jpg,forest
0025.jpg,forest
2634.jpg,buildings
1377.jpg,glacier
1788.jpg,buildings
2811.jpg,street
2182.jpg,buildings
0668.jpg,forest
3259.jpg,mountain
0044.jpg,forest
1158.jpg,street
2225.jpg,forest
2540.jpg,street
1211.jpg,mountain
1582.jpg,street
2527.jpg,glacier
0978.jpg,buildings
2056.jpg,street
2346.jpg,forest
2037.jpg,street
2695.jpg,forest
0370.jpg,forest
0729.jpg,glacier
0366.jpg,street
0784.jpg,sea
0069.jpg,buildings
0092.jpg,mountain
0958.jpg,glacier
3329.jpg,glacier
1570.jpg,forest
0899.jpg,buildings
1010.jpg,buildings
2668.jpg,forest
2721.jpg,glacier
3066.jpg,glacier
0552.jpg,forest
2837.jpg,sea
2385.jpg,buildings
2322.jpg,sea
2416.jpg,buildings
2696.jpg,glacier
1411.jpg,sea
0900.jpg,glacier
0637.jpg,sea
1099.jpg,buildings
3307.jpg,mountain
1912.jpg,buildings
0009.jpg,buildings
0935.jpg,buildings
2396.jpg,street
2083.jpg,buildings
0685.jpg,forest
3152.jpg,mountain
2126.jpg,forest
1045.jpg,forest
1492.jpg,buildings
2296.jpg,mountain
0719.jpg,mountain
1406.jpg,glacier
2222.jpg,street
0763.jpg,street
1834.jpg,street
0124.jpg,mountain
0294.jpg,buildings
1665.jpg,sea
1969.jpg,glacier
0489.jpg,forest
0758.jpg,mountain
3029.jpg,street
1007.jpg,forest
3222.jpg,forest
0286.jpg,glacier
1534.jpg,sea
2147.jpg,mountain
1116.jpg,buildings
1817.jpg,buildings
1355.jpg,mountain
3050.jpg,forest
1988.jpg,street
0361.jpg,mountain
0428.jpg,glacier
1875.jpg,mountain
2888.jpg,street
2164.jpg,buildings
1494.jpg,sea
3232.jpg,sea
1631.jpg,street
3260.jpg,buildings
0458.jpg,mountain
2130.jpg,mountain
1164.jpg,buildings
1913.jpg,street
3145.jpg,forest
0357.jpg,mountain
3387.jpg,glacier
3079.jpg,mountain
0288.jpg,mountain
2060.jpg,sea
0141.jpg,sea
0018.jpg,buildings
0189.jpg,glacier
3133.jpg,street
2183.jpg,street
2207.jpg,glacier
0888.jpg,street
2097.jpg,sea
1510.jpg,sea
2473.jpg,mountain
1489.jpg,glacier
2660.jpg,sea
2417.jpg,mountain
1375.jpg,forest
1278.jpg,street
1471.jpg,mountain
3315.jpg,glacier
0778.jpg,forest
2481.jpg,glacier
2830.jpg,glacier
2670.jpg,sea
1250.jpg,buildings
1247.jpg,glacier
1091.jpg,sea
0360.jpg,buildings
1601.jpg,forest
3257.jpg,mountain
0811.jpg,buildings
3389.jpg,sea
2690.jpg,sea
0648.jpg,mountain
3124.jpg,sea
0797.jpg,mountain
0464.jpg,glacier
2507.jpg,glacier
2495.jpg,sea
1735.jpg,glacier
3153.jpg,sea
0491.jpg,buildings
1809.jpg,forest
2072.jpg,glacier
3266.jpg,forest
1810.jpg,glacier
0028.jpg,street
2819.jpg,sea
0045.jpg,mountain
2373.jpg,glacier
1359.jpg,glacier
2892.jpg,street
2303.jpg,buildings
3116.jpg,buildings
1123.jpg,street
1333.jpg,street
1304.jpg,sea
0779.jpg,sea
0153.jpg,glacier
3100.jpg,glacier
0289.jpg,buildings
0939.jpg,buildings
3371.jpg,glacier
1231.jpg,forest
2775.jpg,buildings
2561.jpg,forest
1256.jpg,glacier
0260.jpg,forest
0712.jpg,sea
3190.jpg,glacier
3044.jpg,buildings
2260.jpg,forest
2871.jpg,buildings
2278.jpg,sea
2141.jpg,sea
1692.jpg,sea
1907.jpg,street
0178.jpg,buildings
2088.jpg,buildings
2451.jpg,forest
0556.jpg,mountain
1522.jpg,buildings
2401.jpg,sea
2698.jpg,sea
0529.jpg,mountain
3271.jpg,street
1595.jpg,sea
0603.jpg,glacier
3181.jpg,mountain
2376.jpg,forest
1652.jpg,glacier
0419.jpg,glacier
2703.jpg,street
2366.jpg,glacier
0706.jpg,glacier
1309.jpg,mountain
0588.jpg,street
2939.jpg,sea
0301.jpg,street
0602.jpg,buildings
1012.jpg,glacier
2026.jpg,forest
2628.jpg,sea
1765.jpg,street
0580.jpg,street
2991.jpg,street
1581.jpg,mountain
3147.jpg,buildings
0861.jpg,buildings
3161.jpg,glacier
1271.jpg,street
3033.jpg,street
1938.jpg,buildings
0275.jpg,street
1052.jpg,street
0173.jpg,sea
1427.jpg,mountain
0193.jpg,forest
1965.jpg,street
3273.jpg,buildings
2114.jpg,glacier
0738.jpg,glacier
1320.jpg,street
1047.jpg,mountain
0284.jpg,buildings
2582.jpg,mountain
1026.jpg,street
2044.jpg,glacier
0440.jpg,forest
1559.jpg,mountain
2715.jpg,buildings
2801.jpg,sea
1038.jpg,street
1798.jpg,street
2671.jpg,street
2234.jpg,mountain
0073.jpg,glacier
1816.jpg,sea
2247.jpg,sea
1708.jpg,buildings
2972.jpg,sea
1058.jpg,buildings
0743.jpg,street
1171.jpg,glacier
2422.jpg,forest
0186.jpg,sea
2271.jpg,street
0979.jpg,glacier
2651.jpg,street
1667.jpg,buildings
1075.jpg,sea
2870.jpg,forest
1653.jpg,mountain
0039.jpg,mountain
1374.jpg,street
1149.jpg,glacier
0817.jpg,glacier
0740.jpg,street
0005.jpg,sea
2196.jpg,mountain
2375.jpg,glacier
2309.jpg,street
2664.jpg,glacier
3356.jpg,mountain
2560.jpg,street
2961.jpg,sea
0810.jpg,mountain
1486.jpg,street
2351.jpg,forest
0299.jpg,glacier
0221.jpg,forest
1663.jpg,forest
0220.jpg,street
1785.jpg,sea
3122.jpg,forest
0605.jpg,street
0461.jpg,sea
1833.jpg,glacier
1433.jpg,mountain
0627.jpg,buildings
3318.jpg,forest
1447.jpg,buildings
0865.jpg,glacier
3362.jpg,mountain
3008.jpg,mountain
1699.jpg,forest
1022.jpg,sea
2330.jpg,glacier
0369.jpg,forest
0559.jpg,sea
1697.jpg,forest
0998.jpg,mountain
3220.jpg,forest
2076.jpg,mountain
1025.jpg,forest
0096.jpg,mountain
1857.jpg,buildings
2281.jpg,buildings
1335.jpg,glacier
3313.jpg,mountain
0840.jpg,mountain
2635.jpg,glacier
3370.jpg,buildings
0101.jpg,glacier
0820.jpg,forest
1946.jpg,sea
1848.jpg,mountain
2149.jpg,glacier
2020.jpg,forest
2435.jpg,forest
2605.jpg,mountain
0506.jpg,mountain
2150.jpg,mountain
3204.jpg,street
3058.jpg,glacier
1567.jpg,glacier
1775.jpg,mountain
2863.jpg,forest
0973.jpg,buildings
3255.jpg,buildings
1860.jpg,glacier
0567.jpg,street
2835.jpg,sea
3182.jpg,mountain
3380.jpg,sea
2935.jpg,street
1738.jpg,sea
3214.jpg,mountain
1232.jpg,street
0111.jpg,street
1739.jpg,mountain
2272.jpg,buildings
1169.jpg,buildings
3140.jpg,buildings
1928.jpg,mountain
3135.jpg,street
1198.jpg,glacier
1951.jpg,mountain
3306.jpg,sea
0650.jpg,street
2306.jpg,glacier
0897.jpg,sea
2805.jpg,mountain
2233.jpg,forest
0532.jpg,mountain
0355.jpg,street
2006.jpg,mountain
1851.jpg,mountain
2955.jpg,street
0682.jpg,glacier
2256.jpg,mountain
3208.jpg,sea
0049.jpg,street
3131.jpg,forest
1683.jpg,mountain
0622.jpg,buildings
3002.jpg,mountain
2975.jpg,sea
0212.jpg,mountain
0203.jpg,mountain
1280.jpg,forest
2982.jpg,mountain
1118.jpg,mountain
2151.jpg,sea
0236.jpg,glacier
1060.jpg,mountain
2707.jpg,mountain
3229.jpg,sea
1796.jpg,forest
0862.jpg,mountain
1087.jpg,sea
0732.jpg,glacier
3219.jpg,mountain
2555.jpg,forest
1064.jpg,forest
0056.jpg,forest
0807.jpg,glacier
1034.jpg,buildings
0962.jpg,sea
2319.jpg,mountain
3004.jpg,mountain
0726.jpg,buildings
3353.jpg,buildings
2741.jpg,sea
0612.jpg,glacier
3137.jpg,glacier
1125.jpg,glacier
1183.jpg,mountain
1807.jpg,sea
1241.jpg,glacier
2728.jpg,street
1837.jpg,mountain
1843.jpg,street
1312.jpg,buildings
1764.jpg,glacier
0308.jpg,forest
0389.jpg,sea
0771.jpg,mountain
0986.jpg,buildings
1499.jpg,mountain
1737.jpg,glacier
2177.jpg,mountain
0845.jpg,sea
2824.jpg,buildings
1689.jpg,sea
0615.jpg,buildings
2269.jpg,sea
1923.jpg,sea
2951.jpg,forest
1159.jpg,forest
2559.jpg,forest
1283.jpg,sea
3279.jpg,sea
2000.jpg,buildings
1841.jpg,buildings
1339.jpg,glacier
0992.jpg,street
2875.jpg,buildings
1905.jpg,sea
1386.jpg,sea
2565.jpg,sea
1085.jpg,glacier
3374.jpg,sea
2285.jpg,sea
1695.jpg,glacier
0433.jpg,sea
0247.jpg,sea
1994.jpg,sea
2551.jpg,mountain
1383.jpg,street
2610.jpg,mountain
2841.jpg,street
0358.jpg,glacier
2756.jpg,street
1639.jpg,glacier
2564.jpg,forest
0188.jpg,forest
2654.jpg,buildings
0228.jpg,buildings
2866.jpg,buildings
1078.jpg,forest
0042.jpg,street
0312.jpg,mountain
2446.jpg,glacier
1982.jpg,mountain
2246.jpg,glacier
3037.jpg,sea
1715.jpg,glacier
3297.jpg,sea
2427.jpg,glacier
2936.jpg,mountain
1947.jpg,buildings
1287.jpg,street
2539.jpg,street
0206.jpg,glacier
0594.jpg,mountain
2623.jpg,glacier
0563.jpg,forest
1221.jpg,forest
0527.jpg,forest
0231.jpg,street
1643.jpg,sea
0226.jpg,buildings
3295.jpg,sea
1590.jpg,street
1178.jpg,glacier
2799.jpg,glacier
1457.jpg,buildings
3068.jpg,buildings
0789.jpg,buildings
0002.jpg,forest
2248.jpg,glacier
3151.jpg,street
0617.jpg,sea
1945.jpg,glacier
1390.jpg,forest
2254.jpg,street
1051.jpg,sea
0372.jpg,buildings
1825.jpg,glacier
1506.jpg,street
2290.jpg,street
0866.jpg,sea
2532.jpg,mountain
1600.jpg,mountain
0225.jpg,buildings
0107.jpg,street
3078.jpg,street
2244.jpg,glacier
2984.jpg,street
1396.jpg,glacier
0494.jpg,glacier
2761.jpg,mountain
2172.jpg,sea
3070.jpg,buildings
1759.jpg,glacier
0975.jpg,buildings
2588.jpg,glacier
0638.jpg,buildings
1165.jpg,glacier
1967.jpg,buildings
1831.jpg,mountain
2084.jpg,buildings
1097.jpg,street
1964.jpg,buildings
1170.jpg,sea
1745.jpg,buildings
1645.jpg,street
1196.jpg,mountain
0053.jpg,forest
2809.jpg,forest
3176.jpg,sea
0471.jpg,mountain
0698.jpg,forest
0786.jpg,street
0923.jpg,mountain
2291.jpg,buildings
2617.jpg,mountain
3309.jpg,sea
1941.jpg,buildings
3049.jpg,street
2157.jpg,forest
0828.jpg,buildings
2645.jpg,street
0800.jpg,mountain
2192.jpg,sea
1529.jpg,mountain
0813.jpg,street
3025.jpg,mountain
0198.jpg,forest
1784.jpg,glacier
2369.jpg,street
0119.jpg,buildings
2243.jpg,buildings
1555.jpg,forest
0583.jpg,mountain
1790.jpg,buildings
0339.jpg,forest
2818.jpg,street
1883.jpg,forest
1268.jpg,buildings
1028.jpg,glacier
0043.jpg,forest
1589.jpg,street
2441.jpg,glacier
0254.jpg,sea
2583.jpg,street
3383.jpg,mountain
1753.jpg,forest
2625.jpg,buildings
0538.jpg,sea
3212.jpg,street
0196.jpg,mountain
2778.jpg,forest
1384.jpg,mountain
0887.jpg,glacier
2471.jpg,buildings
1415.jpg,sea
2162.jpg,glacier
0126.jpg,sea
0913.jpg,street
0804.jpg,buildings
0843.jpg,mountain
0067.jpg,forest
1823.jpg,sea
2938.jpg,street
0847.jpg,glacier
3404.jpg,street
2276.jpg,street
2138.jpg,forest
0411.jpg,sea
3267.jpg,mountain
0833.jpg,glacier
0963.jpg,sea
1077.jpg,sea
2724.jpg,forest
0086.jpg,forest
0657.jpg,forest
1263.jpg,sea
3217.jpg,buildings
3095.jpg,buildings
2673.jpg,sea
0285.jpg,forest
2513.jpg,buildings
3196.jpg,sea
1470.jpg,buildings
0469.jpg,sea
0906.jpg,street
0544.jpg,buildings
0023.jpg,glacier
3336.jpg,glacier
0747.jpg,street
0245.jpg,sea
2232.jpg,glacier
1175.jpg,street
2719.jpg,buildings
1983.jpg,street
2615.jpg,forest
2618.jpg,buildings
0450.jpg,sea
0343.jpg,glacier
2817.jpg,buildings
2245.jpg,street
2531.jpg,street
1885.jpg,sea
2214.jpg,forest
0376.jpg,mountain
0410.jpg,mountain
2661.jpg,mountain
0731.jpg,glacier
0327.jpg,buildings
2846.jpg,glacier
1916.jpg,forest
2902.jpg,street
0931.jpg,buildings
2941.jpg,street
0367.jpg,glacier
1071.jpg,street
2464.jpg,street
1139.jpg,mountain
2592.jpg,forest
0942.jpg,forest
1056.jpg,sea
2231.jpg,mountain
2485.jpg,forest
0348.jpg,forest
1343.jpg,forest
0305.jpg,forest
1285.jpg,street
1269.jpg,sea
2608.jpg,sea
3061.jpg,street
0108.jpg,mountain
3042.jpg,mountain
2772.jpg,glacier
2433.jpg,glacier
0036.jpg,buildings
3390.jpg,sea
2292.jpg,buildings
3226.jpg,street
0000.jpg,street
0673.jpg,glacier
2562.jpg,forest
2591.jpg,mountain
1130.jpg,forest
2779.jpg,glacier
2720.jpg,glacier
3368.jpg,street
0733.jpg,sea
0651.jpg,mountain
1225.jpg,forest
1321.jpg,buildings
1306.jpg,forest
2307.jpg,mountain
1616.jpg,street
1954.jpg,forest
0318.jpg,mountain
1974.jpg,buildings
1939.jpg,street
3075.jpg,sea
0261.jpg,sea
0256.jpg,buildings
2018.jpg,forest
1609.jpg,street
0618.jpg,buildings
0297.jpg,street
0641.jpg,mountain
0441.jpg,mountain
1611.jpg,sea
1300.jpg,mountain
0903.jpg,sea
2826.jpg,sea
0322.jpg,mountain
2538.jpg,street
2986.jpg,sea
2408.jpg,glacier
2913.jpg,street
2299.jpg,buildings
2302.jpg,glacier
0874.jpg,forest
3032.jpg,mountain
0353.jpg,mountain
2918.jpg,buildings
0098.jpg,forest
2842.jpg,mountain
2437.jpg,sea
2068.jpg,sea
2133.jpg,mountain
2833.jpg,forest
0768.jpg,glacier
3340.jpg,mountain
0303.jpg,glacier
0291.jpg,glacier
2764.jpg,forest
0416.jpg,glacier
1614.jpg,buildings
1554.jpg,forest
2622.jpg,buildings
0277.jpg,glacier
0981.jpg,street
1836.jpg,street
1259.jpg,forest
3150.jpg,sea
3403.jpg,mountain
3346.jpg,sea
2426.jpg,forest
3344.jpg,buildings
1029.jpg,mountain
2802.jpg,street
0882.jpg,glacier
3085.jpg,mountain
0012.jpg,mountain
0713.jpg,forest
0677.jpg,forest
1043.jpg,mountain
2012.jpg,mountain
3228.jpg,sea
3193.jpg,glacier
1220.jpg,mountain
2045.jpg,mountain
1561.jpg,street
0904.jpg,forest
0760.jpg,mountain
3206.jpg,buildings
0909.jpg,sea
2729.jpg,sea
1209.jpg,glacier
1922.jpg,forest
1174.jpg,sea
2203.jpg,forest
1498.jpg,glacier
3163.jpg,glacier
0960.jpg,mountain
2229.jpg,sea
1859.jpg,street
2658.jpg,sea
2502.jpg,street
3198.jpg,forest
3130.jpg,forest
0352.jpg,mountain
0829.jpg,buildings
1573.jpg,forest
0970.jpg,forest
1307.jpg,street
2257.jpg,mountain
1195.jpg,street
1462.jpg,street
0709.jpg,street
1937.jpg,glacier
2979.jpg,buildings
1899.jpg,mountain
2035.jpg,buildings
1545.jpg,street
0859.jpg,glacier
2808.jpg,buildings
2683.jpg,glacier
1487.jpg,street
1993.jpg,glacier
2940.jpg,glacier
2746.jpg,street
2881.jpg,forest
2277.jpg,glacier
2455.jpg,street
0218.jpg,sea
0961.jpg,mountain
1557.jpg,mountain
2049.jpg,forest
1671.jpg,street
1541.jpg,buildings
2215.jpg,mountain
2867.jpg,mountain
1214.jpg,forest
3197.jpg,mountain
2998.jpg,buildings
3091.jpg,buildings
0704.jpg,buildings
2263.jpg,mountain
1265.jpg,mountain
0486.jpg,glacier
2745.jpg,forest
0365.jpg,sea
1067.jpg,street
2627.jpg,glacier
0739.jpg,buildings
2650.jpg,glacier
0197.jpg,glacier
0038.jpg,forest
3023.jpg,forest
2362.jpg,mountain
3077.jpg,buildings
2758.jpg,buildings
2681.jpg,mountain
3105.jpg,glacier
1750.jpg,glacier
1915.jpg,street
2836.jpg,street
0741.jpg,mountain
0257.jpg,mountain
0850.jpg,mountain
0383.jpg,sea
2923.jpg,glacier
2465.jpg,buildings
1143.jpg,mountain
3185.jpg,street
2733.jpg,sea
3408.jpg,glacier
1542.jpg,mountain
0071.jpg,buildings
0059.jpg,street
1531.jpg,buildings
3216.jpg,mountain
2472.jpg,street
1348.jpg,buildings
2295.jpg,buildings
0781.jpg,forest
2137.jpg,forest
0003.jpg,sea
0201.jpg,glacier
3235.jpg,sea
2237.jpg,sea
0075.jpg,glacier
0029.jpg,sea
2820.jpg,forest
1006.jpg,forest
2434.jpg,buildings
2783.jpg,mountain
0276.jpg,buildings
2480.jpg,mountain
0582.jpg,street
0166.jpg,street
3211.jpg,mountain
2685.jpg,street
1468.jpg,forest
1742.jpg,mountain
1577.jpg,street
2815.jpg,mountain
2647.jpg,street
2702.jpg,street
2575.jpg,glacier
3097.jpg,forest
0502.jpg,street
2718.jpg,street
0727.jpg,forest
0634.jpg,sea
0626.jpg,buildings
1748.jpg,mountain
3376.jpg,sea
0815.jpg,sea
1119.jpg,buildings
2179.jpg,street
1141.jpg,sea
3272.jpg,buildings
0966.jpg,mountain
3158.jpg,street
2515.jpg,sea
0908.jpg,street
3062.jpg,mountain
3164.jpg,buildings
2353.jpg,mountain
2379.jpg,glacier
2140.jpg,mountain
2221.jpg,buildings
2524.jpg,forest
3134.jpg,buildings
2341.jpg,street
2320.jpg,sea
0037.jpg,glacier
2212.jpg,glacier
2390.jpg,sea
0283.jpg,sea
1958.jpg,buildings
1664.jpg,glacier
2743.jpg,glacier
2258.jpg,forest
2091.jpg,street
0724.jpg,glacier
1568.jpg,glacier
0557.jpg,glacier
0891.jpg,buildings
2792.jpg,mountain
1155.jpg,buildings
3331.jpg,mountain
0757.jpg,mountain
0146.jpg,mountain
2383.jpg,buildings
2735.jpg,glacier
2589.jpg,mountain
1641.jpg,glacier
1295.jpg,forest
1845.jpg,forest
2653.jpg,glacier
2287.jpg,glacier
0766.jpg,street
0894.jpg,street
3332.jpg,mountain
0838.jpg,mountain
2300.jpg,glacier
0476.jpg,forest
1884.jpg,forest
2800.jpg,buildings
2395.jpg,buildings
0667.jpg,sea
2410.jpg,forest
2911.jpg,glacier
3254.jpg,sea
1517.jpg,street
1768.jpg,mountain
2057.jpg,mountain
1112.jpg,forest
2906.jpg,glacier
2731.jpg,street
2928.jpg,street
0287.jpg,mountain
0125.jpg,buildings
2154.jpg,buildings
2193.jpg,buildings
2667.jpg,glacier
1416.jpg,mountain
2810.jpg,buildings
2380.jpg,mountain
0945.jpg,street
0443.jpg,mountain
1409.jpg,forest
3316.jpg,street
0901.jpg,buildings
1613.jpg,street
2914.jpg,street
3170.jpg,sea
0194.jpg,buildings
3102.jpg,mountain
2400.jpg,street
2200.jpg,mountain
0571.jpg,mountain
0406.jpg,buildings
2317.jpg,sea
0728.jpg,street
2474.jpg,sea
1537.jpg,glacier
0269.jpg,buildings
2763.jpg,sea
1565.jpg,buildings
1903.jpg,glacier
2600.jpg,buildings
1627.jpg,street
0498.jpg,forest
1998.jpg,buildings
0949.jpg,sea
1840.jpg,sea
1574.jpg,street
1176.jpg,forest
2420.jpg,forest
1633.jpg,street
2843.jpg,mountain
0455.jpg,buildings
0278.jpg,mountain
3251.jpg,buildings
0387.jpg,buildings
0142.jpg,sea
3402.jpg,mountain
2614.jpg,sea
1853.jpg,glacier
1523.jpg,forest
2553.jpg,buildings
1720.jpg,sea
0957.jpg,sea
0145.jpg,glacier
0678.jpg,street
3225.jpg,mountain
0996.jpg,forest
2691.jpg,mountain
1011.jpg,forest
1789.jpg,sea
2920.jpg,sea
1331.jpg,forest
0893.jpg,forest
2259.jpg,street
2970.jpg,forest
3057.jpg,sea
0214.jpg,street
3296.jpg,glacier
2762.jpg,glacier
2829.jpg,forest
2700.jpg,mountain
2529.jpg,mountain
3055.jpg,mountain
1606.jpg,buildings
1773.jpg,forest
1976.jpg,forest
0666.jpg,forest
2945.jpg,street
1326.jpg,mountain
0548.jpg,buildings
3183.jpg,forest
1651.jpg,glacier
1909.jpg,buildings
2054.jpg,mountain
3201.jpg,forest
1162.jpg,mountain
2311.jpg,sea
2335.jpg,sea
2968.jpg,sea
3081.jpg,mountain
0421.jpg,buildings
2402.jpg,street
2503.jpg,buildings
0505.jpg,buildings
3184.jpg,street
2509.jpg,mountain
3149.jpg,buildings
0356.jpg,mountain
0210.jpg,mountain
2389.jpg,forest
3160.jpg,glacier
1429.jpg,sea
0590.jpg,glacier
3200.jpg,glacier
1048.jpg,street
2880.jpg,glacier
0151.jpg,sea
0959.jpg,forest
0870.jpg,glacier
1780.jpg,street
1360.jpg,street
2055.jpg,sea
0466.jpg,mountain
0956.jpg,street
2444.jpg,glacier
1188.jpg,buildings
3377.jpg,sea
3093.jpg,glacier
1254.jpg,forest
3178.jpg,mountain
2085.jpg,street
1305.jpg,glacier
1013.jpg,street
0911.jpg,forest
2163.jpg,buildings
1832.jpg,street
2680.jpg,mountain
3269.jpg,forest
2146.jpg,sea
1502.jpg,forest
1102.jpg,sea
3009.jpg,buildings
3059.jpg,street
2701.jpg,mountain
1975.jpg,forest
0654.jpg,sea
2394.jpg,buildings
1761.jpg,forest
1910.jpg,sea
1733.jpg,sea
0792.jpg,glacier
0869.jpg,mountain
0258.jpg,mountain
1216.jpg,sea
0213.jpg,mountain
1661.jpg,forest
2789.jpg,forest
1065.jpg,street
2046.jpg,buildings
1770.jpg,sea
2514.jpg,mountain
0064.jpg,sea
3173.jpg,forest
1157.jpg,forest
0635.jpg,mountain
0415.jpg,street
1272.jpg,glacier
2333.jpg,forest
1340.jpg,sea
2689.jpg,sea
2924.jpg,buildings
2877.jpg,mountain
2235.jpg,mountain
1495.jpg,buildings
1717.jpg,mountain
3386.jpg,glacier
2415.jpg,buildings
3038.jpg,glacier
1463.jpg,sea
0799.jpg,glacier
1783.jpg,forest
3375.jpg,street
2571.jpg,forest
1640.jpg,sea
2123.jpg,mountain
1684.jpg,glacier
1289.jpg,street
2844.jpg,street
0479.jpg,sea
3067.jpg,forest
1624.jpg,sea
2771.jpg,sea
0180.jpg,street
2747.jpg,sea
0349.jpg,buildings
1869.jpg,sea
3026.jpg,sea
0154.jpg,sea
0052.jpg,mountain
1698.jpg,mountain
1337.jpg,street
0321.jpg,buildings
1204.jpg,glacier
3240.jpg,sea
0974.jpg,street
1496.jpg,mountain
0446.jpg,sea
2752.jpg,mountain
3361.jpg,street
2129.jpg,glacier
1757.jpg,sea
0487.jpg,forest
0344.jpg,mountain
1311.jpg,buildings
1866.jpg,buildings
0624.jpg,forest
1586.jpg,buildings
0662.jpg,forest
0554.jpg,buildings
0006.jpg,mountain
0484.jpg,buildings
2874.jpg,buildings
1520.jpg,forest
0207.jpg,mountain
3262.jpg,buildings
3258.jpg,buildings
3323.jpg,buildings
0512.jpg,mountain
2327.jpg,sea
2744.jpg,street
2073.jpg,glacier
2251.jpg,street
0551.jpg,sea
2003.jpg,buildings
0113.jpg,mountain
2796.jpg,mountain
0170.jpg,mountain
2868.jpg,forest
0735.jpg,sea
2958.jpg,glacier
2879.jpg,street
1301.jpg,buildings
1156.jpg,mountain
1218.jpg,street
2981.jpg,forest
1908.jpg,mountain
2029.jpg,glacier
2679.jpg,sea
0672.jpg,forest
2996.jpg,buildings
1756.jpg,glacier
0268.jpg,sea
1867.jpg,sea
1747.jpg,sea
2790.jpg,mountain
0232.jpg,sea
0902.jpg,mountain
1596.jpg,glacier
0182.jpg,street
2825.jpg,glacier
2310.jpg,buildings
1769.jpg,buildings
0219.jpg,buildings
2901.jpg,sea
1874.jpg,glacier
2124.jpg,glacier
1890.jpg,mountain
2969.jpg,mountain
2095.jpg,glacier
0399.jpg,sea
2110.jpg,glacier
2019.jpg,street
2523.jpg,buildings
0576.jpg,forest
3338.jpg,street
2213.jpg,sea
3333.jpg,glacier
3400.jpg,sea
0392.jpg,sea
0164.jpg,forest
0016.jpg,sea
2345.jpg,sea
1538.jpg,sea
1736.jpg,buildings
1681.jpg,sea
0608.jpg,sea
1315.jpg,glacier
0826.jpg,street
1682.jpg,forest
3054.jpg,street
3388.jpg,glacier
1805.jpg,mountain
0136.jpg,glacier
0079.jpg,sea
1751.jpg,forest
0010.jpg,mountain
1275.jpg,glacier
3007.jpg,mountain
1041.jpg,glacier
2148.jpg,mountain
0330.jpg,buildings
3072.jpg,street
1701.jpg,mountain
2431.jpg,glacier
2899.jpg,forest
1878.jpg,forest
2273.jpg,forest
2459.jpg,sea
0202.jpg,sea
0644.jpg,sea
1888.jpg,forest
2015.jpg,street
0896.jpg,street
2197.jpg,sea
1849.jpg,buildings
3117.jpg,mountain
0636.jpg,glacier
1108.jpg,street
1420.jpg,mountain
1054.jpg,mountain
2954.jpg,street
2520.jpg,buildings
2423.jpg,sea
1203.jpg,mountain
1713.jpg,buildings
0109.jpg,street
1199.jpg,buildings
1617.jpg,street
1999.jpg,glacier
1019.jpg,street
0744.jpg,buildings
0431.jpg,street
2832.jpg,buildings
2710.jpg,mountain
0748.jpg,mountain
2959.jpg,sea
3073.jpg,mountain
0233.jpg,mountain
1235.jpg,sea
2264.jpg,glacier
0555.jpg,buildings
2713.jpg,glacier
2596.jpg,sea
0806.jpg,glacier
0497.jpg,street
2210.jpg,mountain
1504.jpg,glacier
2642.jpg,street
2367.jpg,sea
2189.jpg,street
2265.jpg,glacier
1407.jpg,forest
0917.jpg,forest
1898.jpg,mountain
1516.jpg,glacier
1992.jpg,mountain
1514.jpg,mountain
1718.jpg,mountain
1445.jpg,mountain
0490.jpg,glacier
1081.jpg,buildings
2593.jpg,sea
2823.jpg,buildings
0918.jpg,glacier
2378.jpg,mountain
1882.jpg,mountain
1744.jpg,glacier
0835.jpg,sea
1402.jpg,mountain
0388.jpg,forest
0536.jpg,glacier
0812.jpg,street
3351.jpg,street
2008.jpg,buildings
1111.jpg,street
0795.jpg,sea
2220.jpg,sea
0876.jpg,forest
2490.jpg,forest
0408.jpg,mountain
1598.jpg,glacier
1711.jpg,glacier
1127.jpg,street
0417.jpg,glacier
0323.jpg,buildings
0610.jpg,forest
1935.jpg,forest
0058.jpg,glacier
0244.jpg,glacier
0542.jpg,forest
3148.jpg,glacier
0674.jpg,sea
0144.jpg,mountain
3394.jpg,sea
1886.jpg,buildings
1824.jpg,street
1403.jpg,glacier
0745.jpg,street
3053.jpg,sea
0541.jpg,buildings
1794.jpg,glacier
0460.jpg,glacier
2253.jpg,street
2652.jpg,forest
2548.jpg,buildings
2262.jpg,sea
2059.jpg,mountain
0263.jpg,street
2155.jpg,street
1819.jpg,sea
2227.jpg,street
2100.jpg,sea
0834.jpg,street
0354.jpg,sea
2580.jpg,glacier
1185.jpg,buildings
0819.jpg,forest
1146.jpg,mountain
1644.jpg,mountain
2873.jpg,mountain
0746.jpg,street
0147.jpg,buildings
2937.jpg,forest
3040.jpg,buildings
0185.jpg,sea
1766.jpg,mountain
0130.jpg,forest
1893.jpg,buildings
0379.jpg,buildings
1621.jpg,forest
2159.jpg,glacier
0886.jpg,forest
0280.jpg,mountain
3172.jpg,buildings
2545.jpg,sea
3127.jpg,glacier
2391.jpg,mountain
0853.jpg,mountain
0633.jpg,forest
1061.jpg,mountain
1114.jpg,buildings
2242.jpg,forest
0447.jpg,street
0382.jpg,buildings
3115.jpg,street
1419.jpg,glacier
2624.jpg,glacier
0535.jpg,mountain
1953.jpg,glacier
0586.jpg,sea
0934.jpg,sea
0368.jpg,glacier
0309.jpg,glacier
2521.jpg,sea
1677.jpg,sea
3106.jpg,street
1575.jpg,street
1839.jpg,mountain
2460.jpg,forest
0759.jpg,sea
3281.jpg,mountain
1635.jpg,sea
0875.jpg,street
1818.jpg,buildings
1330.jpg,buildings
0483.jpg,mountain
2766.jpg,forest
0456.jpg,glacier
1104.jpg,forest
0910.jpg,street
1579.jpg,street
1059.jpg,mountain
0547.jpg,sea
0292.jpg,mountain
1182.jpg,glacier
0310.jpg,forest
2717.jpg,sea
3088.jpg,mountain
0922.jpg,sea
2439.jpg,forest
2456.jpg,glacier
2289.jpg,buildings
0928.jpg,street
2499.jpg,mountain
0391.jpg,forest
0772.jpg,mountain
1707.jpg,street
1352.jpg,glacier
2869.jpg,forest
0531.jpg,sea
2611.jpg,mountain
0770.jpg,forest
1521.jpg,sea
2639.jpg,buildings
1442.jpg,buildings
3326.jpg,mountain
0304.jpg,glacier
2173.jpg,buildings
2438.jpg,forest
2361.jpg,sea
3035.jpg,glacier
0788.jpg,glacier
2586.jpg,street
0204.jpg,street
3096.jpg,sea
2609.jpg,mountain
2171.jpg,glacier
1897.jpg,mountain
0470.jpg,glacier
0378.jpg,street
1037.jpg,street
2858.jpg,mountain
1202.jpg,street
2742.jpg,sea
0629.jpg,glacier
1710.jpg,forest
0116.jpg,glacier
1532.jpg,glacier
0477.jpg,street
2392.jpg,glacier
0359.jpg,glacier
1605.jpg,glacier
1372.jpg,buildings
2932.jpg,buildings
1863.jpg,buildings
2078.jpg,buildings
1772.jpg,buildings
2722.jpg,street
0836.jpg,mountain
3098.jpg,glacier
3245.jpg,street
1887.jpg,street
0967.jpg,glacier
0397.jpg,glacier
0115.jpg,street
0223.jpg,sea
3292.jpg,mountain
2121.jpg,buildings
2694.jpg,mountain
0395.jpg,forest
1760.jpg,buildings
3275.jpg,forest
0088.jpg,mountain
1260.jpg,forest
1844.jpg,glacier
2787.jpg,glacier
2730.jpg,buildings
3104.jpg,glacier
0120.jpg,buildings
2424.jpg,mountain
1138.jpg,mountain
3188.jpg,glacier
1055.jpg,glacier
2116.jpg,buildings
0803.jpg,street
0755.jpg,forest
2672.jpg,buildings
1547.jpg,glacier
2878.jpg,street
1774.jpg,forest
0150.jpg,mountain
1755.jpg,mountain
3138.jpg,glacier
3299.jpg,street
2949.jpg,glacier
1990.jpg,street
2828.jpg,mountain
2543.jpg,mountain
1995.jpg,glacier
0434.jpg,street
2709.jpg,forest
2533.jpg,mountain
1394.jpg,street
0715.jpg,forest
0493.jpg,sea
2662.jpg,glacier
3401.jpg,street
1654.jpg,mountain
2156.jpg,street
1782.jpg,glacier
1279.jpg,street
1213.jpg,glacier
0948.jpg,mountain
2286.jpg,buildings
3352.jpg,forest
0465.jpg,mountain
2686.jpg,sea
0549.jpg,forest
1850.jpg,glacier
3082.jpg,buildings
0384.jpg,forest
0035.jpg,glacier
2216.jpg,street
2630.jpg,buildings
0238.jpg,street
2432.jpg,glacier
0578.jpg,buildings
0700.jpg,street
1046.jpg,street
3381.jpg,buildings
3011.jpg,sea
0857.jpg,mountain
1110.jpg,mountain
3155.jpg,forest
0995.jpg,street
1354.jpg,sea
0851.jpg,mountain
2168.jpg,forest
1319.jpg,sea
3143.jpg,street
0515.jpg,forest
0798.jpg,sea
0993.jpg,buildings
0371.jpg,street
3237.jpg,street
1432.jpg,sea
0530.jpg,forest
0215.jpg,street
0155.jpg,forest
0200.jpg,street
1217.jpg,sea
0229.jpg,mountain
3224.jpg,glacier
0980.jpg,glacier
3092.jpg,forest
1166.jpg,buildings
1507.jpg,glacier
0620.jpg,sea
0661.jpg,sea
2067.jpg,street
3230.jpg,mountain
1115.jpg,buildings
1700.jpg,mountain
2115.jpg,sea
3194.jpg,buildings
1800.jpg,mountain
1154.jpg,mountain
2048.jpg,street
3215.jpg,glacier
1477.jpg,mountain
1918.jpg,glacier
0585.jpg,mountain
0156.jpg,street
2896.jpg,sea
3192.jpg,mountain
0143.jpg,mountain
2187.jpg,glacier
0048.jpg,street
2165.jpg,forest
0669.jpg,buildings
0519.jpg,mountain
1412.jpg,sea
2266.jpg,buildings
3366.jpg,forest
1876.jpg,mountain
2283.jpg,forest
0279.jpg,street
2931.jpg,sea
2241.jpg,sea
2556.jpg,sea
2016.jpg,forest
1914.jpg,street
1599.jpg,mountain
2749.jpg,street
0791.jpg,mountain
3189.jpg,buildings
1414.jpg,glacier
2071.jpg,street
0033.jpg,forest
1962.jpg,mountain
2219.jpg,sea
2769.jpg,forest
0298.jpg,glacier
0640.jpg,sea
0987.jpg,glacier
1197.jpg,buildings
0994.jpg,mountain
0575.jpg,glacier
1906.jpg,street
0149.jpg,glacier
2206.jpg,glacier
0863.jpg,sea
1205.jpg,glacier
1002.jpg,forest
1229.jpg,street
1032.jpg,glacier
2960.jpg,forest
0091.jpg,sea
2436.jpg,glacier
2578.jpg,mountain
0267.jpg,sea
2226.jpg,street
1584.jpg,street
0790.jpg,glacier
1647.jpg,forest
2440.jpg,sea
2470.jpg,forest
3000.jpg,forest
1388.jpg,buildings
3041.jpg,street
2934.jpg,glacier
0525.jpg,street
1936.jpg,forest
2816.jpg,mountain
2711.jpg,sea
1497.jpg,glacier
1799.jpg,mountain
0011.jpg,buildings
0095.jpg,mountain
1245.jpg,sea
0752.jpg,glacier
3349.jpg,mountain
1253.jpg,sea
2466.jpg,forest
3301.jpg,glacier
0008.jpg,glacier
1274.jpg,street
2329.jpg,forest
2511.jpg,mountain
1422.jpg,glacier
0508.jpg,buildings
2616.jpg,mountain
2536.jpg,street
2619.jpg,mountain
0518.jpg,street
2831.jpg,forest
1931.jpg,street
2087.jpg,sea
0140.jpg,buildings
0570.jpg,buildings
1228.jpg,sea
2795.jpg,glacier
0611.jpg,sea
2323.jpg,sea
0787.jpg,street
0816.jpg,forest
0579.jpg,buildings
3199.jpg,buildings
1513.jpg,forest
0988.jpg,buildings
0749.jpg,buildings
0266.jpg,glacier
2180.jpg,buildings
1966.jpg,mountain
0796.jpg,glacier
2355.jpg,street
2990.jpg,mountain
2909.jpg,sea
1649.jpg,sea
3236.jpg,mountain
3014.jpg,sea
0764.jpg,glacier
2081.jpg,buildings
1688.jpg,mountain
1362.jpg,street
1106.jpg,buildings
1856.jpg,mountain
3090.jpg,mountain
1944.jpg,mountain
1240.jpg,forest
0452.jpg,forest
3285.jpg,buildings
2152.jpg,mountain
2725.jpg,mountain
1082.jpg,forest
3328.jpg,buildings
3060.jpg,glacier
2927.jpg,sea
1180.jpg,glacier
0507.jpg,street
2397.jpg,glacier
1313.jpg,sea
3397.jpg,buildings
0824.jpg,buildings
3111.jpg,street
1206.jpg,forest
0604.jpg,mountain
3121.jpg,glacier
0686.jpg,street
3303.jpg,glacier
1255.jpg,sea
0072.jpg,sea
3167.jpg,mountain
2908.jpg,mountain
0968.jpg,mountain
2052.jpg,street
2074.jpg,glacier
1660.jpg,street
2188.jpg,street
2112.jpg,buildings
1658.jpg,forest
0398.jpg,buildings
2804.jpg,buildings
0311.jpg,glacier
0191.jpg,sea
1262.jpg,buildings
2425.jpg,buildings
3010.jpg,sea
0881.jpg,sea
1657.jpg,forest
0227.jpg,glacier
0135.jpg,glacier
3125.jpg,glacier
3393.jpg,street
3094.jpg,sea
1318.jpg,street
1040.jpg,street
3099.jpg,sea
1336.jpg,sea
0696.jpg,buildings
2399.jpg,buildings
2748.jpg,buildings
2678.jpg,mountain
1540.jpg,street
0255.jpg,forest
2716.jpg,street
1592.jpg,mountain
2058.jpg,glacier
1373.jpg,glacier
2280.jpg,street
2199.jpg,street
2793.jpg,forest
1405.jpg,mountain
1266.jpg,glacier
2585.jpg,glacier
2028.jpg,street
2640.jpg,mountain
2268.jpg,sea
2469.jpg,sea
1016.jpg,glacier
0040.jpg,sea
0767.jpg,sea
2849.jpg,mountain
1740.jpg,mountain
1722.jpg,sea
0442.jpg,sea
2497.jpg,forest
0647.jpg,forest
2314.jpg,mountain
2777.jpg,sea
0106.jpg,forest
0783.jpg,mountain
3369.jpg,street
1089.jpg,buildings
0474.jpg,glacier
0736.jpg,mountain
1781.jpg,buildings
0340.jpg,street
1580.jpg,glacier
2372.jpg,glacier
0785.jpg,buildings
1676.jpg,buildings
0989.jpg,mountain
2005.jpg,street
2505.jpg,forest
0754.jpg,mountain
2759.jpg,mountain
0761.jpg,sea
1704.jpg,glacier
1703.jpg,forest
0426.jpg,street
0123.jpg,mountain
0823.jpg,mountain
2736.jpg,buildings
1187.jpg,buildings
2128.jpg,mountain
0068.jpg,sea
0742.jpg,forest
2318.jpg,forest
0684.jpg,street
2705.jpg,sea
1732.jpg,buildings
1978.jpg,buildings
0168.jpg,glacier
0114.jpg,forest
3169.jpg,sea
0319.jpg,mountain
0332.jpg,sea
0868.jpg,mountain
1090.jpg,sea
0129.jpg,glacier
0912.jpg,forest
0007.jpg,street
2944.jpg,street
2217.jpg,mountain
3241.jpg,forest
2943.jpg,glacier
0929.jpg,glacier
0545.jpg,street
0971.jpg,sea
2637.jpg,mountain
2205.jpg,mountain
2590.jpg,mountain
1822.jpg,buildings
3360.jpg,forest
1838.jpg,glacier
2898.jpg,street
2051.jpg,forest
1168.jpg,forest
2915.jpg,forest
1485.jpg,glacier
0262.jpg,forest
0094.jpg,glacier
0514.jpg,sea
2293.jpg,glacier
0272.jpg,sea
0315.jpg,sea
0077.jpg,sea
1861.jpg,sea
2983.jpg,forest
1619.jpg,glacier
2288.jpg,sea
1346.jpg,buildings
0656.jpg,mountain
3277.jpg,sea
0983.jpg,forest
1303.jpg,forest
1731.jpg,buildings
2791.jpg,mountain
1094.jpg,glacier
2862.jpg,buildings
1215.jpg,glacier
0642.jpg,forest
2544.jpg,sea
0581.jpg,street
1594.jpg,mountain
0521.jpg,buildings
1484.jpg,buildings
2530.jpg,forest
0317.jpg,buildings
2350.jpg,street
1511.jpg,sea
2406.jpg,forest
2569.jpg,forest
2558.jpg,forest
2999.jpg,sea
2563.jpg,glacier
3051.jpg,forest
0307.jpg,mountain
2075.jpg,glacier
2598.jpg,sea
0480.jpg,forest
2483.jpg,glacier
3392.jpg,mountain
2517.jpg,forest
2191.jpg,sea
0296.jpg,mountain
3108.jpg,mountain
2041.jpg,glacier
0240.jpg,glacier
0341.jpg,glacier
1725.jpg,street
1452.jpg,glacier
2101.jpg,street
0110.jpg,sea
0467.jpg,forest
2409.jpg,mountain
0522.jpg,glacier
1620.jpg,street
0601.jpg,buildings
2595.jpg,mountain
1322.jpg,street
1434.jpg,forest
2655.jpg,sea
1105.jpg,forest
1480.jpg,sea
1153.jpg,mountain
2872.jpg,mountain
2537.jpg,buildings
2813.jpg,forest
2442.jpg,street
2007.jpg,glacier
0907.jpg,forest
0725.jpg,glacier
1820.jpg,buildings
1460.jpg,mountain
1425.jpg,street
0609.jpg,sea
0157.jpg,mountain
3312.jpg,street
1277.jpg,glacier
2916.jpg,mountain
0412.jpg,mountain
0014.jpg,buildings
1963.jpg,mountain
1771.jpg,mountain
1224.jpg,forest
0021.jpg,buildings
0632.jpg,sea
0655.jpg,sea
2356.jpg,sea
1066.jpg,mountain
2740.jpg,forest
2708.jpg,forest
2579.jpg,buildings
3210.jpg,glacier
2106.jpg,forest
3168.jpg,glacier
1984.jpg,buildings
1948.jpg,glacier
1347.jpg,buildings
0080.jpg,glacier
0951.jpg,mountain
3144.jpg,street
1103.jpg,street
1636.jpg,buildings
2050.jpg,buildings
0420.jpg,mountain
2017.jpg,glacier
3052.jpg,glacier
3083.jpg,glacier
2370.jpg,forest
2887.jpg,street
2644.jpg,buildings
0427.jpg,glacier
0102.jpg,glacier
0162.jpg,sea
0946.jpg,street
1454.jpg,street
2489.jpg,street
0977.jpg,buildings
2125.jpg,street
1368.jpg,glacier
1244.jpg,buildings
2294.jpg,mountain
1437.jpg,mountain
2573.jpg,glacier
2726.jpg,street
2119.jpg,buildings
0439.jpg,sea
0074.jpg,mountain
0703.jpg,mountain
0001.jpg,forest
1642.jpg,glacier
1712.jpg,street
0564.jpg,forest
2301.jpg,street
1826.jpg,street
0375.jpg,sea
1389.jpg,street
1325.jpg,glacier
1008.jpg,mountain
2737.jpg,forest
0351.jpg,mountain
1261.jpg,mountain
1917.jpg,buildings
0924.jpg,forest
2550.jpg,forest
2348.jpg,buildings
2382.jpg,street
2977.jpg,mountain
0314.jpg,sea
0969.jpg,forest
3317.jpg,street
0699.jpg,street
1896.jpg,buildings
1009.jpg,sea
1361.jpg,forest
1464.jpg,mountain
2477.jpg,street
0051.jpg,forest
2321.jpg,glacier
2786.jpg,mountain
0839.jpg,glacier
1972.jpg,mountain
3359.jpg,buildings
0592.jpg,forest
0520.jpg,glacier
3048.jpg,forest
0347.jpg,street
1828.jpg,street
3207.jpg,sea
2854.jpg,glacier
0883.jpg,mountain
1503.jpg,glacier
2458.jpg,forest
2209.jpg,buildings
0281.jpg,forest
1539.jpg,sea
3268.jpg,sea
1284.jpg,buildings
2352.jpg,mountain
2734.jpg,forest
2181.jpg,glacier
0445.jpg,buildings
2013.jpg,glacier
0246.jpg,street
2850.jpg,sea
2274.jpg,street
2566.jpg,mountain
2099.jpg,mountain
1192.jpg,mountain
2224.jpg,glacier
1140.jpg,glacier
2577.jpg,street
1763.jpg,street
1957.jpg,mountain
0216.jpg,street
2160.jpg,buildings
0990.jpg,glacier
3087.jpg,glacier
0558.jpg,mountain
1659.jpg,forest
1940.jpg,sea
1053.jpg,buildings
2851.jpg,sea
2153.jpg,street
0390.jpg,buildings
0362.jpg,buildings
2250.jpg,forest
3076.jpg,forest
2677.jpg,mountain
0211.jpg,forest
0273.jpg,buildings
3227.jpg,sea
3261.jpg,glacier
2992.jpg,buildings
1098.jpg,mountain
1234.jpg,sea
2169.jpg,buildings
2727.jpg,buildings
1345.jpg,glacier
0539.jpg,buildings
2770.jpg,sea
1930.jpg,mountain
3064.jpg,mountain
0373.jpg,forest
0503.jpg,forest
1036.jpg,forest
1167.jpg,street
2174.jpg,mountain
1550.jpg,sea
0302.jpg,mountain
1630.jpg,glacier
2755.jpg,sea
2135.jpg,glacier
0852.jpg,glacier
1410.jpg,glacier
1177.jpg,glacier
1131.jpg,forest
1827.jpg,street
2649.jpg,glacier
1327.jpg,street
1117.jpg,forest
0841.jpg,glacier
1018.jpg,buildings
0905.jpg,mountain
1172.jpg,glacier
2475.jpg,sea
2211.jpg,sea
0209.jpg,street
0921.jpg,street
3357.jpg,forest
1367.jpg,sea
1723.jpg,forest
0435.jpg,street
1533.jpg,forest
0589.jpg,glacier
0884.jpg,street
1152.jpg,mountain
2978.jpg,mountain
0941.jpg,street
1576.jpg,forest
1173.jpg,street
0867.jpg,sea
2312.jpg,glacier
0613.jpg,street
3223.jpg,forest
1868.jpg,mountain
0090.jpg,forest
1669.jpg,forest
1350.jpg,sea
1562.jpg,buildings
1124.jpg,mountain
2047.jpg,buildings
0393.jpg,street
1264.jpg,street
1317.jpg,street
0933.jpg,mountain
2332.jpg,sea
0438.jpg,mountain
0396.jpg,sea
0858.jpg,forest
1980.jpg,forest
0270.jpg,street
2594.jpg,sea
1210.jpg,mountain
1847.jpg,sea
0773.jpg,street
1727.jpg,sea
0046.jpg,street
1184.jpg,street
1293.jpg,forest
1865.jpg,sea
0132.jpg,sea
1079.jpg,buildings
0138.jpg,forest
1344.jpg,buildings
0134.jpg,street
3174.jpg,buildings
0324.jpg,forest
1418.jpg,mountain
3256.jpg,glacier
0274.jpg,buildings
2066.jpg,glacier
3280.jpg,sea
2768.jpg,street
0873.jpg,mountain
2666.jpg,street
0562.jpg,buildings
0205.jpg,mountain
1238.jpg,mountain
1787.jpg,mountain
0775.jpg,sea
1074.jpg,buildings
0239.jpg,sea
1607.jpg,forest
2443.jpg,sea
1806.jpg,mountain
0540.jpg,glacier
0070.jpg,sea
2134.jpg,mountain
2405.jpg,glacier
1705.jpg,buildings
0561.jpg,buildings
2488.jpg,glacier
2479.jpg,forest
0485.jpg,sea
1341.jpg,glacier
1795.jpg,sea
1880.jpg,street
2025.jpg,buildings
3039.jpg,glacier
2313.jpg,mountain
1364.jpg,sea
0663.jpg,sea
3341.jpg,glacier
0930.jpg,street
3391.jpg,forest
2077.jpg,street
0892.jpg,forest
0953.jpg,street
1393.jpg,glacier
3086.jpg,forest
3250.jpg,mountain
2033.jpg,glacier
1042.jpg,street
1137.jpg,forest
2201.jpg,sea
0916.jpg,sea
0181.jpg,sea
2776.jpg,mountain
2371.jpg,glacier
2980.jpg,forest
0405.jpg,sea
1436.jpg,street
2693.jpg,mountain
2765.jpg,sea
0492.jpg,glacier
2989.jpg,sea
2706.jpg,mountain
2185.jpg,forest
3319.jpg,buildings
1746.jpg,forest
0475.jpg,street
2386.jpg,mountain
0895.jpg,buildings
0809.jpg,street
3132.jpg,buildings
0169.jpg,forest
1776.jpg,forest
0139.jpg,buildings
1741.jpg,forest
1870.jpg,glacier
1852.jpg,mountain
1901.jpg,mountain
0566.jpg,glacier
3013.jpg,glacier
0468.jpg,sea
2754.jpg,buildings
2599.jpg,mountain
0814.jpg,street
0936.jpg,mountain
2964.jpg,mountain
3291.jpg,forest
0599.jpg,glacier
0596.jpg,street
1400.jpg,forest
0818.jpg,street
2010.jpg,forest
2781.jpg,glacier
0659.jpg,buildings
1072.jpg,glacier
1456.jpg,glacier
1369.jpg,street
3287.jpg,forest
1179.jpg,sea
3141.jpg,buildings
2368.jpg,buildings
3310.jpg,forest
1610.jpg,forest
0414.jpg,street
1020.jpg,glacier
0846.jpg,mountain
2070.jpg,forest
2457.jpg,forest
0496.jpg,mountain
2847.jpg,sea
2687.jpg,mountain
3406.jpg,street
1603.jpg,mountain
2014.jpg,mountain
0769.jpg,mountain
2298.jpg,mountain
2852.jpg,street
2279.jpg,mountain
2921.jpg,mountain
1161.jpg,sea
1752.jpg,mountain
3282.jpg,forest
0337.jpg,mountain
1808.jpg,street
2030.jpg,forest
0224.jpg,mountain
3358.jpg,buildings
0649.jpg,mountain
2343.jpg,buildings
2482.jpg,forest
3187.jpg,glacier
3284.jpg,buildings
1281.jpg,street
2607.jpg,forest
3399.jpg,mountain
1530.jpg,street
1767.jpg,street
2656.jpg,glacier
2398.jpg,glacier
3118.jpg,glacier
2064.jpg,street
1291.jpg,sea
0085.jpg,buildings
0481.jpg,street
0631.jpg,street
3063.jpg,buildings
3324.jpg,mountain
0718.jpg,sea
1212.jpg,glacier
2987.jpg,mountain
2363.jpg,street
2806.jpg,glacier
0710.jpg,glacier
0495.jpg,street
0802.jpg,glacier
1392.jpg,street
1985.jpg,forest
0195.jpg,forest
1134.jpg,street
0403.jpg,forest
0451.jpg,buildings
0695.jpg,glacier
2946.jpg,buildings
1004.jpg,sea
1648.jpg,buildings
1721.jpg,mountain
1401.jpg,glacier
3348.jpg,glacier
0516.jpg,street
1120.jpg,mountain
3405.jpg,mountain
2027.jpg,forest
1615.jpg,forest
1163.jpg,street
1675.jpg,buildings
0943.jpg,glacier
2267.jpg,glacier
3339.jpg,sea
1310.jpg,sea
0338.jpg,street
2613.jpg,street
0600.jpg,mountain
0342.jpg,mountain
0300.jpg,mountain
2506.jpg,forest
2519.jpg,street
0504.jpg,sea
1033.jpg,forest
2463.jpg,buildings
3243.jpg,street
0705.jpg,mountain
1971.jpg,street
1100.jpg,street
1190.jpg,buildings
0675.jpg,street
2418.jpg,mountain
0630.jpg,street
2381.jpg,street
0837.jpg,street
1465.jpg,sea
2158.jpg,glacier
0081.jpg,street
2952.jpg,mountain
3239.jpg,street
1646.jpg,forest
2328.jpg,mountain
2178.jpg,sea
2967.jpg,mountain
0628.jpg,glacier
2194.jpg,mountain
1049.jpg,mountain
0184.jpg,sea
2354.jpg,glacier
0158.jpg,forest
2161.jpg,street
2082.jpg,glacier
1142.jpg,buildings
2103.jpg,street
2784.jpg,glacier
0750.jpg,glacier
1638.jpg,buildings
1223.jpg,street
2445.jpg,mountain
0591.jpg,sea
3030.jpg,forest
2508.jpg,glacier
3034.jpg,glacier
2675.jpg,mountain
1955.jpg,sea
0087.jpg,street
0386.jpg,glacier
3294.jpg,mountain
1273.jpg,glacier
1911.jpg,sea
1830.jpg,street
1297.jpg,street
3407.jpg,street
0762.jpg,forest
2962.jpg,mountain
1548.jpg,street
2042.jpg,forest
1207.jpg,buildings
3209.jpg,street
2461.jpg,buildings
2413.jpg,street
0999.jpg,mountain
2122.jpg,buildings
2732.jpg,glacier
2665.jpg,sea
2261.jpg,forest
0526.jpg,mountain
1365.jpg,buildings
0660.jpg,street
3018.jpg,sea
0940.jpg,mountain
3270.jpg,forest
0679.jpg,sea
2905.jpg,street
0546.jpg,sea
1602.jpg,buildings
0425.jpg,sea
1080.jpg,buildings
0664.jpg,buildings
1151.jpg,forest
3129.jpg,street
1357.jpg,buildings
1691.jpg,street
2976.jpg,sea
3012.jpg,forest
0694.jpg,sea
1656.jpg,mountain
3253.jpg,glacier
1473.jpg,mountain
0619.jpg,forest
0253.jpg,buildings
1743.jpg,sea
1687.jpg,sea
0329.jpg,mountain
0453.jpg,street
2994.jpg,street
2942.jpg,sea
1455.jpg,glacier
1057.jpg,glacier
2907.jpg,buildings
1282.jpg,glacier
1686.jpg,glacier
2973.jpg,forest
1500.jpg,mountain
1378.jpg,mountain
2462.jpg,glacier
3242.jpg,street
3367.jpg,mountain
0118.jpg,street
1714.jpg,buildings
0860.jpg,buildings
2723.jpg,forest
1451.jpg,buildings
1981.jpg,sea
0174.jpg,forest
3265.jpg,mountain
0919.jpg,forest
0208.jpg,mountain
1459.jpg,forest
2105.jpg,mountain
2131.jpg,forest
2117.jpg,buildings
2646.jpg,street
1062.jpg,mountain
0060.jpg,street
3347.jpg,sea
1666.jpg,glacier
2638.jpg,forest
2186.jpg,sea
0472.jpg,mountain
2606.jpg,mountain
1290.jpg,glacier
0827.jpg,buildings
1585.jpg,mountain
0517.jpg,glacier
0569.jpg,street
0714.jpg,mountain
1233.jpg,sea
3165.jpg,buildings
1021.jpg,buildings
1670.jpg,glacier
2897.jpg,glacier
2430.jpg,sea
0424.jpg,forest
0658.jpg,buildings
3006.jpg,mountain
0692.jpg,street
1726.jpg,forest
1629.jpg,forest
0877.jpg,mountain
1366.jpg,sea
1902.jpg,forest
2282.jpg,glacier
3001.jpg,forest
0950.jpg,mountain
2491.jpg,mountain
1786.jpg,street
3276.jpg,forest
1001.jpg,buildings
0614.jpg,street
0128.jpg,street
2950.jpg,mountain
1338.jpg,sea
3109.jpg,mountain
3363.jpg,buildings
1050.jpg,mountain
0687.jpg,forest
0593.jpg,mountain
0880.jpg,street
1778.jpg,glacier
2903.jpg,sea
2965.jpg,glacier
2853.jpg,mountain
2682.jpg,buildings
0336.jpg,street
2190.jpg,sea
1000.jpg,buildings
2090.jpg,mountain
2021.jpg,buildings
0350.jpg,sea
2407.jpg,glacier
0805.jpg,buildings
1855.jpg,forest
1996.jpg,glacier
1109.jpg,mountain
1430.jpg,buildings
1519.jpg,glacier
3304.jpg,glacier
2864.jpg,forest
0013.jpg,sea
1871.jpg,street
0066.jpg,street
0264.jpg,mountain
1728.jpg,buildings
2144.jpg,sea
0720.jpg,street
1668.jpg,street
1070.jpg,buildings
0560.jpg,sea
3191.jpg,buildings
3322.jpg,street
1632.jpg,buildings
2118.jpg,glacier
2995.jpg,buildings
2228.jpg,glacier
1716.jpg,forest
3384.jpg,forest
2143.jpg,street
1793.jpg,forest
1314.jpg,street
2797.jpg,street
2572.jpg,mountain
2767.jpg,sea
2757.jpg,glacier
2933.jpg,buildings
0179.jpg,street
3045.jpg,forest
2208.jpg,mountain
0112.jpg,street
0808.jpg,street
3177.jpg,sea
2504.jpg,mountain
1145.jpg,forest
0625.jpg,buildings
1133.jpg,forest
2252.jpg,sea
2365.jpg,buildings
0844.jpg,buildings
2865.jpg,glacier
0429.jpg,mountain
2326.jpg,sea
2448.jpg,mountain
2546.jpg,forest
2751.jpg,sea
2518.jpg,forest
1637.jpg,sea
1986.jpg,forest
1749.jpg,mountain
2886.jpg,sea
0222.jpg,buildings
0985.jpg,forest
1862.jpg,sea
3274.jpg,street
0463.jpg,buildings
1385.jpg,glacier
1891.jpg,glacier
1194.jpg,buildings
0572.jpg,buildings
3342.jpg,sea
2454.jpg,street
0671.jpg,forest
1696.jpg,forest
0437.jpg,glacier
0606.jpg,mountain
0972.jpg,forest
1970.jpg,mountain
2487.jpg,street
0955.jpg,buildings
1201.jpg,sea
1329.jpg,mountain
2526.jpg,street
2576.jpg,mountain
2412.jpg,forest
0316.jpg,glacier
0093.jpg,buildings
1846.jpg,forest
1242.jpg,buildings
2034.jpg,glacier
0363.jpg,buildings
0573.jpg,buildings
2450.jpg,sea
0509.jpg,sea
1267.jpg,street
0050.jpg,sea
3003.jpg,street
2581.jpg,street
1030.jpg,mountain
2023.jpg,buildings
2570.jpg,street
0646.jpg,street
0172.jpg,sea
2230.jpg,glacier
0325.jpg,mountain
2339.jpg,buildings
0708.jpg,buildings
0062.jpg,forest
1528.jpg,sea
0374.jpg,mountain
2557.jpg,sea
0691.jpg,mountain
0730.jpg,mountain
0965.jpg,mountain
1461.jpg,mountain
0163.jpg,glacier
1316.jpg,street
2022.jpg,glacier
3046.jpg,glacier
2204.jpg,glacier
2988.jpg,street
3056.jpg,glacier
1444.jpg,sea
0533.jpg,forest
1626.jpg,mountain
3221.jpg,sea
0616.jpg,mountain
0717.jpg,street
0034.jpg,mountain
0404.jpg,forest
2360.jpg,buildings
2782.jpg,forest
2604.jpg,sea
2803.jpg,sea
0524.jpg,buildings
1299.jpg,forest
2895.jpg,glacier
0199.jpg,mountain
3107.jpg,sea
0271.jpg,glacier
2894.jpg,mountain
0242.jpg,forest
1560.jpg,street
1421.jpg,sea
0553.jpg,street
0030.jpg,buildings
0848.jpg,street
1093.jpg,mountain
0159.jpg,buildings
1572.jpg,sea
2388.jpg,glacier
1536.jpg,sea
3084.jpg,buildings
1426.jpg,sea
0830.jpg,forest
3283.jpg,forest
1490.jpg,street
0328.jpg,street
0751.jpg,buildings
2534.jpg,sea
1450.jpg,street
2855.jpg,buildings
3142.jpg,buildings
1777.jpg,sea
3071.jpg,sea
1623.jpg,forest
1222.jpg,mountain
3247.jpg,street
0722.jpg,buildings
1894.jpg,glacier
2358.jpg,mountain
3288.jpg,buildings
3031.jpg,sea
0082.jpg,street
0133.jpg,sea
0148.jpg,sea
0488.jpg,street
1566.jpg,forest
1107.jpg,buildings
1023.jpg,mountain
0183.jpg,forest
0462.jpg,glacier
0177.jpg,buildings
1439.jpg,street
3337.jpg,buildings
1258.jpg,forest
3203.jpg,buildings
1679.jpg,buildings
2340.jpg,forest
2132.jpg,glacier
3343.jpg,glacier
2039.jpg,glacier
0693.jpg,mountain
2948.jpg,glacier
0854.jpg,buildings
3293.jpg,sea
3314.jpg,forest
2315.jpg,mountain
3205.jpg,sea
1132.jpg,forest
0938.jpg,sea
1881.jpg,glacier
3157.jpg,mountain
3252.jpg,buildings
3139.jpg,buildings
1296.jpg,sea
2249.jpg,forest
1977.jpg,mountain
2492.jpg,sea
2142.jpg,street
1084.jpg,glacier
1363.jpg,forest
3180.jpg,forest
1438.jpg,mountain
2411.jpg,buildings
0457.jpg,street
0097.jpg,sea
1662.jpg,forest
1991.jpg,forest
2342.jpg,street
2807.jpg,sea
0320.jpg,buildings
2202.jpg,sea
2739.jpg,sea
1371.jpg,glacier
0954.jpg,glacier
1801.jpg,forest
1730.jpg,buildings
1379.jpg,forest
2500.jpg,sea
1829.jpg,street
0721.jpg,buildings
0409.jpg,forest
2308.jpg,street
2812.jpg,street
1655.jpg,glacier
2036.jpg,sea
2738.jpg,buildings
1308.jpg,forest
1960.jpg,mountain
0473.jpg,mountain
2568.jpg,forest
1535.jpg,street
0306.jpg,forest
1904.jpg,glacier
3325.jpg,sea
2001.jpg,mountain
0645.jpg,forest
1509.jpg,buildings
1144.jpg,forest
1469.jpg,street
1754.jpg,mountain
1694.jpg,glacier
0083.jpg,mountain
1068.jpg,forest
2929.jpg,sea
1467.jpg,forest
3345.jpg,buildings
2501.jpg,street
0459.jpg,forest
1404.jpg,glacier
1583.jpg,forest
1926.jpg,buildings
2086.jpg,glacier
1558.jpg,forest
2814.jpg,sea
1564.jpg,forest
0793.jpg,sea
2774.jpg,buildings
2856.jpg,forest
3302.jpg,mountain
1779.jpg,forest
2525.jpg,buildings
0889.jpg,forest
2404.jpg,sea
1024.jpg,sea
1591.jpg,street
3110.jpg,mountain
1488.jpg,street
0584.jpg,sea
2912.jpg,sea
0927.jpg,street
0152.jpg,glacier
2922.jpg,sea
1257.jpg,street
3398.jpg,mountain
0513.jpg,buildings
1472.jpg,street
0313.jpg,forest
2528.jpg,street
3378.jpg,sea
3112.jpg,forest
2349.jpg,street
2584.jpg,sea
1039.jpg,mountain
0234.jpg,sea
0920.jpg,forest
1044.jpg,buildings
1236.jpg,glacier
2574.jpg,forest
0652.jpg,street
2053.jpg,mountain
1150.jpg,street
3146.jpg,buildings
0574.jpg,mountain
0385.jpg,forest
3156.jpg,forest
1543.jpg,glacier
1466.jpg,mountain
0825.jpg,forest
1491.jpg,mountain
2325.jpg,forest
2098.jpg,sea
3372.jpg,mountain
3379.jpg,buildings
0776.jpg,glacier
2136.jpg,street
2347.jpg,sea
0171.jpg,buildings
0032.jpg,glacier
1219.jpg,forest
2467.jpg,glacier
3166.jpg,sea
1193.jpg,sea
0160.jpg,street
0259.jpg,sea
1587.jpg,sea
1815.jpg,mountain
0984.jpg,street
1387.jpg,buildings
1428.jpg,mountain
0015.jpg,forest
3355.jpg,street
0084.jpg,forest
1397.jpg,sea
1501.jpg,sea
3244.jpg,glacier
0432.jpg,glacier
2648.jpg,sea
2876.jpg,buildings
1353.jpg,mountain
2798.jpg,sea
0478.jpg,street
1147.jpg,forest
0020.jpg,glacier
1113.jpg,buildings
1423.jpg,street
1417.jpg,street
0565.jpg,buildings
2452.jpg,forest
2453.jpg,glacier
0482.jpg,forest
2567.jpg,buildings
2621.jpg,glacier
2107.jpg,sea
1332.jpg,forest
2127.jpg,forest
0063.jpg,street
1959.jpg,street
2486.jpg,forest
0346.jpg,street
2926.jpg,street
0345.jpg,sea
2643.jpg,mountain
0864.jpg,sea
0027.jpg,street
1324.jpg,buildings
2900.jpg,forest
2255.jpg,sea
2535.jpg,buildings
0251.jpg,sea
2657.jpg,sea
1448.jpg,street
1932.jpg,sea
3308.jpg,forest
1474.jpg,glacier
1724.jpg,street
1672.jpg,glacier
0241.jpg,mountain
0099.jpg,sea
2387.jpg,street
0782.jpg,mountain
1634.jpg,mountain
0639.jpg,buildings
0022.jpg,street
0991.jpg,street
0701.jpg,mountain
0597.jpg,forest
1476.jpg,sea
3020.jpg,sea
2883.jpg,mountain
1835.jpg,forest
2549.jpg,sea
1005.jpg,buildings
0794.jpg,mountain
1956.jpg,glacier
1349.jpg,forest
2040.jpg,forest
0105.jpg,glacier
2925.jpg,glacier
3305.jpg,forest
1249.jpg,glacier
2061.jpg,sea
0723.jpg,sea
3395.jpg,sea
2753.jpg,glacier
1399.jpg,buildings
0537.jpg,glacier
3128.jpg,forest
3175.jpg,forest
3373.jpg,street
0753.jpg,sea
1483.jpg,mountain
2930.jpg,street
0127.jpg,sea
0932.jpg,forest
2974.jpg,mountain
0681.jpg,sea
0290.jpg,glacier
1370.jpg,glacier
3364.jpg,buildings
1391.jpg,buildings
0501.jpg,street
1552.jpg,forest
0947.jpg,glacier
0577.jpg,mountain
2359.jpg,buildings
1924.jpg,mountain
1569.jpg,mountain
0024.jpg,mountain
2669.jpg,forest
0689.jpg,street
0333.jpg,street
1069.jpg,street
1328.jpg,sea
2697.jpg,sea
0915.jpg,buildings
1251.jpg,mountain
2919.jpg,sea
2092.jpg,sea
2176.jpg,sea
1270.jpg,forest
0890.jpg,buildings
2692.jpg,forest
2334.jpg,sea
0598.jpg,street
1342.jpg,sea
1933.jpg,street
0621.jpg,forest
3171.jpg,sea
0885.jpg,mountain
1544.jpg,mountain
2484.jpg,glacier
1458.jpg,street
2857.jpg,buildings
1424.jpg,forest
2145.jpg,sea
1441.jpg,mountain
0017.jpg,mountain
1135.jpg,forest
0449.jpg,buildings
3350.jpg,buildings
0418.jpg,street
1276.jpg,glacier
0872.jpg,forest
3290.jpg,sea
2024.jpg,buildings
2859.jpg,sea
2822.jpg,mountain
0190.jpg,glacier
0293.jpg,forest
2004.jpg,forest
0041.jpg,sea
0777.jpg,sea
2009.jpg,mountain
3015.jpg,forest
2633.jpg,street
2554.jpg,mountain
0230.jpg,glacier
3289.jpg,glacier
2547.jpg,forest
1286.jpg,buildings
2597.jpg,mountain
3103.jpg,glacier
1398.jpg,glacier
3017.jpg,glacier
2184.jpg,forest
1608.jpg,buildings
1063.jpg,mountain
1302.jpg,forest
0734.jpg,street
1593.jpg,mountain
1900.jpg,sea
3365.jpg,mountain
2632.jpg,buildings
1121.jpg,sea
2109.jpg,buildings
3005.jpg,forest
2512.jpg,sea
2542.jpg,forest
2108.jpg,forest
0055.jpg,forest
0078.jpg,buildings
0422.jpg,sea
1942.jpg,forest
0587.jpg,mountain
1578.jpg,glacier
1873.jpg,street
1479.jpg,forest
1551.jpg,forest
1017.jpg,glacier
0670.jpg,sea
3218.jpg,street
2626.jpg,sea
1604.jpg,glacier
1381.jpg,mountain
3334.jpg,mountain
0982.jpg,street
1294.jpg,mountain
0871.jpg,forest
1588.jpg,street
2699.jpg,buildings
2449.jpg,sea
1126.jpg,sea
2631.jpg,glacier
0381.jpg,glacier
1949.jpg,buildings
1027.jpg,forest
1508.jpg,mountain
2478.jpg,glacier
2688.jpg,glacier
0019.jpg,glacier
2985.jpg,buildings
1950.jpg,sea
1802.jpg,buildings
2993.jpg,forest
0235.jpg,forest
3123.jpg,sea
0568.jpg,glacier
1892.jpg,forest
1246.jpg,glacier
3114.jpg,mountain
0550.jpg,street
0295.jpg,mountain
3036.jpg,forest
2641.jpg,street
0335.jpg,forest
1122.jpg,street
0031.jpg,glacier
2032.jpg,buildings
3186.jpg,forest
2904.jpg,sea
0364.jpg,forest
2838.jpg,sea
2966.jpg,glacier
1678.jpg,forest
2113.jpg,mountain
0653.jpg,sea
0054.jpg,glacier
1792.jpg,buildings
2284.jpg,forest
3089.jpg,mountain
2953.jpg,forest
1650.jpg,glacier
0878.jpg,sea
3065.jpg,mountain
0997.jpg,buildings
3335.jpg,mountain
0192.jpg,forest
2676.jpg,sea
2429.jpg,mountain
1298.jpg,glacier
0104.jpg,glacier
2712.jpg,sea
2629.jpg,mountain
0697.jpg,mountain
2659.jpg,street
0117.jpg,street
0925.jpg,street
2344.jpg,buildings
0004.jpg,street
2031.jpg,street
2834.jpg,buildings
3298.jpg,mountain
1449.jpg,glacier
3263.jpg,buildings
1351.jpg,sea
3069.jpg,glacier
2080.jpg,forest
1435.jpg,mountain
1622.jpg,street
0842.jpg,forest
2043.jpg,glacier
1811.jpg,buildings
2476.jpg,mountain
2794.jpg,forest
0187.jpg,sea
1895.jpg,sea
1526.jpg,forest
1879.jpg,mountain
1243.jpg,street
2419.jpg,buildings
3238.jpg,buildings
2240.jpg,glacier
2840.jpg,street
1413.jpg,forest
1812.jpg,mountain
2971.jpg,forest
3024.jpg,glacier
1709.jpg,buildings
2079.jpg,street
0595.jpg,buildings
2102.jpg,forest
1673.jpg,glacier
1226.jpg,mountain
1088.jpg,sea
1482.jpg,street
1943.jpg,mountain
1380.jpg,mountain
1031.jpg,buildings
1803.jpg,mountain
1706.jpg,street
0248.jpg,glacier
1921.jpg,sea
0879.jpg,street
1431.jpg,mountain
0683.jpg,forest
2364.jpg,sea
0444.jpg,street
1814.jpg,buildings
1997.jpg,glacier
1979.jpg,mountain
2447.jpg,glacier
3321.jpg,glacier
2496.jpg,forest
3385.jpg,street
2198.jpg,mountain
2602.jpg,mountain
1453.jpg,sea
0822.jpg,sea
2336.jpg,buildings
2069.jpg,street
0898.jpg,glacier
1628.jpg,glacier
2882.jpg,forest
2357.jpg,forest
3120.jpg,buildings
